Name,Code.Class,Accession,MB258,MB264,MB342,MB396,MB413,MB414,MB442,176,183,77,401,766,381,741,383,375,360,D458Med,med1603,D425Med,MB236,MB297,MB331,MB331-P,MB337TUB,MB348TUB,MB531,MB556,MB559,MB303,MB561,MB562,MB564,MB565,MB357,MB566,MB569,MB369,MB570,MB378,MB571,MB572,MB392,MB395,MB573,MB374,MB575,MB577,MB578,MB579,MB551,MB552,MB554,MB555,MB355,MB376,MB382,MB377,MB408,MB359,MB479,MB308,MB353,MB300,MB314,MB401,MB452,MB457,MB441,MB404,MB327,MB583,MN585,MB586,MB589,MB324,MB592,MB592,MB594,MB595,HD-MB03
DKK2,Endogenous,NM_014421.2,16.00,16.00,7.00,37.00,5.00,18.00,20.00,7.00,7.00,3.00,9.00,14.00,7.00,5.00,2.00,7.00,8.00,1.00,4.00,3.00,7.00,10.00,3.00,7.00,6.00,8.00,9.00,3.00,2.00,4.00,4.00,2.00,2.00,1.00,1.00,3.00,2.00,1.00,1.00,1.00,3.00,1.00,1.00,53.00,3.00,14.00,2.00,28.00,4.00,10.00,16.00,4.00,2.00,2.00,21.00,4.00,3.00,20.00,3.00,3.00,2.00,7.00,7.00,26.00,13.00,20.00,9.00,2.00,31.00,2.00,20.00,5.00,5.00,10.00,15.00,5.00,4.00,3.00,2.00,1.00,4.00
EMX2,Endogenous,NM_004098.3,12.00,14.00,8.00,11.00,10.00,387.00,69.00,3.00,3.00,2.00,1.00,7.00,1.00,4.00,5.00,1.00,2.00,1.00,1.00,1.00,1.00,2.00,2.00,6.00,66.00,103.00,17.00,1.00,1.00,5.00,21.00,8.00,3.00,1.00,6.00,1.00,1.00,3.00,9.00,4.00,2.00,10.00,1.00,52.00,2.00,1.00,18.00,8.00,41.00,11.00,11.00,9.00,6.00,3.00,16.00,7.00,6.00,5.00,22.00,30.00,6.00,1.00,11.00,9.00,115.00,13.00,20.00,13.00,67.00,8.00,37.00,15.00,265.00,3.00,30.00,7.00,2.00,10.00,4.00,1.00,1.00
GAD1,Endogenous,NM_000817.2,27.00,9.00,11.00,79.00,28.00,65.00,7.00,6.00,5.00,13.00,3.00,68.00,4.00,1.00,15.00,7.00,13.00,7.00,12.00,8.00,3.00,1.00,32.00,94.00,13.00,23.00,26.00,5.00,1.00,25.00,19.00,1.00,1.00,1.00,2.00,4.00,1.00,1.00,40.00,10.00,21.00,16.00,3.00,20.00,1.00,3.00,1.00,17.00,151.00,8.00,3.00,12.00,28.00,7.00,14.00,12.00,8.00,3.00,11.00,5.00,16.00,6.00,14.00,18.00,189.00,9.00,21.00,47.00,29.00,344.00,18.00,14.00,77.00,13.00,17.00,3.00,3.00,14.00,6.00,1.00,9.00
TNC,Endogenous,NM_002160.3,70.00,2.00,1.00,74.00,49.00,25.00,18.00,45.00,1.00,1.00,8.00,116.00,21.00,7.00,1.00,9.00,2.00,1.00,1.00,1.00,4.00,1.00,25.00,59.00,25.00,6.00,53.00,2.00,1.00,1.00,7.00,1.00,1.00,1.00,4.00,1.00,1.00,1.00,1.00,1.00,1.00,33.00,1.00,4.00,1.00,2.00,1.00,16.00,3.00,15.00,5.00,15.00,12.00,4.00,10.00,7.00,7.00,13.00,4.00,11.00,7.00,2.00,20.00,16.00,39.00,5.00,20.00,11.00,39.00,13.00,21.00,17.00,18.00,12.00,165.00,5.00,1.00,19.00,8.00,1.00,17.00
WIF1,Endogenous,NM_007191.2,17.00,18.00,7.00,12.00,6.00,40.00,19.00,13.00,10.00,12.00,7.00,9.00,4.00,3.00,5.00,3.00,6.00,3.00,4.00,4.00,16.00,9.00,4.00,6.00,3.00,15.00,6.00,1.00,2.00,7.00,2.00,1.00,3.00,1.00,1.00,1.00,1.00,1.00,3.00,2.00,7.00,1.00,2.00,63.00,1.00,1.00,3.00,3.00,21.00,15.00,8.00,5.00,12.00,1.00,14.00,1.00,9.00,4.00,5.00,7.00,3.00,2.00,15.00,10.00,39.00,7.00,54.00,5.00,67.00,36.00,48.00,17.00,8.00,4.00,12.00,6.00,2.00,36.00,1.00,1.00,2.00
ATOH1,Endogenous,NM_005172.1,5.00,4.00,1.00,1.00,7.00,6.00,12.00,1.00,1.00,3.00,1.00,1.00,2.00,4.00,1.00,1.00,2.00,2.00,1.00,1.00,1.00,5.00,1.00,1.00,1.00,4.00,2.00,1.00,1.00,1.00,1.00,1.00,1.00,1.00,1.00,1.00,1.00,1.00,1.00,1.00,1.00,1.00,1.00,1.00,1.00,1.00,1.00,12.00,11.00,10.00,4.00,2.00,2.00,3.00,7.00,3.00,1.00,3.00,2.00,7.00,7.00,3.00,14.00,16.00,12.00,10.00,8.00,5.00,29.00,7.00,19.00,20.00,13.00,5.00,6.00,2.00,1.00,1.00,4.00,1.00,5.00
EYA1,Endogenous,NM_172059.2,76.00,9.00,1.00,8.00,20.00,131.00,230.00,25.00,2.00,1.00,5.00,93.00,9.00,11.00,1.00,22.00,5.00,47.00,1.00,23.00,2.00,3.00,25.00,52.00,66.00,2.00,2.00,1.00,1.00,2.00,1.00,1.00,4.00,1.00,1.00,1.00,1.00,1.00,4.00,1.00,1.00,1.00,1.00,153.00,2.00,2.00,5.00,22.00,15.00,32.00,9.00,10.00,3.00,3.00,22.00,3.00,2.00,8.00,8.00,19.00,7.00,7.00,6.00,13.00,69.00,11.00,24.00,9.00,45.00,11.00,28.00,18.00,15.00,15.00,49.00,3.00,5.00,3.00,2.00,4.00,8.00
HHIP,Endogenous,NM_022475.1,6.00,14.00,8.00,9.00,12.00,12.00,17.00,5.00,5.00,6.00,4.00,8.00,5.00,41.00,1.00,14.00,8.00,1.00,2.00,3.00,40.00,24.00,3.00,4.00,4.00,10.00,4.00,1.00,1.00,2.00,20.00,2.00,2.00,1.00,1.00,5.00,1.00,5.00,4.00,5.00,3.00,1.00,1.00,8.00,5.00,2.00,1.00,3.00,24.00,7.00,3.00,2.00,3.00,1.00,2.00,2.00,5.00,20.00,2.00,4.00,1.00,5.00,1.00,2.00,41.00,4.00,6.00,1.00,2.00,8.00,3.00,4.00,5.00,4.00,8.00,2.00,2.00,7.00,1.00,4.00,1.00
PDLIM3,Endogenous,NM_014476.4,14.00,35.00,13.00,31.00,18.00,126.00,22.00,2.00,1.00,5.00,2.00,8.00,9.00,22.00,17.00,2.00,6.00,33.00,2.00,20.00,4.00,6.00,11.00,17.00,1.00,16.00,10.00,6.00,4.00,16.00,15.00,6.00,9.00,12.00,7.00,4.00,15.00,1.00,64.00,5.00,19.00,34.00,6.00,89.00,4.00,6.00,4.00,6.00,34.00,15.00,12.00,10.00,11.00,5.00,20.00,10.00,9.00,8.00,11.00,13.00,9.00,10.00,11.00,6.00,47.00,7.00,17.00,8.00,24.00,55.00,15.00,9.00,56.00,7.00,14.00,6.00,16.00,44.00,6.00,1.00,19.00
SFRP1,Endogenous,NM_003012.3,103.00,223.00,136.00,102.00,311.00,129.00,24.00,11.00,37.00,12.00,11.00,7.00,4.00,17.00,67.00,14.00,53.00,1.00,20.00,3.00,44.00,10.00,11.00,9.00,6.00,9.00,8.00,22.00,56.00,23.00,12.00,7.00,10.00,1.00,1.00,5.00,3.00,15.00,9.00,11.00,32.00,5.00,8.00,105.00,57.00,9.00,13.00,29.00,163.00,57.00,62.00,8.00,11.00,1.00,110.00,18.00,17.00,37.00,33.00,50.00,62.00,12.00,62.00,141.00,561.00,51.00,38.00,44.00,69.00,57.00,117.00,80.00,11.00,11.00,33.00,35.00,8.00,22.00,5.00,1.00,1.00
EGFL11,Endogenous,NM_198283.1,13095.00,28.00,5.00,4326.00,8224.00,1104.00,3042.00,3519.00,1036.00,22.00,236.00,1949.00,3898.00,633.00,6.00,2729.00,83.00,382.00,661.00,421.00,1044.00,571.00,1075.00,1118.00,4979.00,5124.00,6083.00,23.00,310.00,382.00,587.00,6.00,86.00,81.00,282.00,2187.00,137.00,1741.00,383.00,304.00,1103.00,1073.00,516.00,275.00,51.00,1063.00,1525.00,5226.00,2365.00,4156.00,74.00,2349.00,174.00,102.00,1364.00,968.00,416.00,1883.00,490.00,286.00,196.00,478.00,928.00,3837.00,3354.00,1866.00,1902.00,1778.00,290.00,181.00,48.00,5808.00,3127.00,10508.00,10835.00,119.00,18.00,244.00,93.00,162.00,1387.00
GABRA5,Endogenous,NM_000810.2,2482.00,413.00,29.00,12088.00,6958.00,1511.00,2422.00,3447.00,10.00,17.00,36.00,1479.00,2282.00,487.00,25.00,969.00,32.00,126.00,348.00,101.00,82.00,112.00,1085.00,1434.00,1751.00,3486.00,514.00,18.00,2.00,52.00,255.00,1.00,15.00,37.00,255.00,800.00,3.00,1.00,242.00,13.00,84.00,400.00,5.00,437.00,5.00,421.00,560.00,77.00,24.00,58.00,12.00,123.00,3.00,1.00,28.00,11.00,58.00,225.00,8.00,12.00,11.00,8.00,10.00,47.00,2827.00,10.00,2398.00,12.00,74.00,14.00,139.00,16.00,3370.00,98.00,1140.00,8.00,19.00,21.00,3.00,2.00,274.00
IMPG2,Endogenous,NM_016247.2,5128.00,371.00,39.00,17949.00,314.00,4657.00,4309.00,10536.00,1051.00,20.00,32.00,3890.00,5778.00,668.00,19.00,4586.00,18.00,1033.00,1044.00,1283.00,31.00,126.00,567.00,468.00,3464.00,461.00,9496.00,9.00,7.00,328.00,420.00,69.00,1002.00,51.00,131.00,3439.00,54.00,478.00,412.00,7.00,1849.00,1484.00,23.00,191.00,5.00,787.00,389.00,91.00,140.00,116.00,38.00,184.00,189.00,5.00,8.00,279.00,119.00,106.00,36.00,357.00,16.00,13144.00,437.00,1715.00,9896.00,31.00,780.00,55.00,1256.00,29.00,17.00,57.00,2704.00,21890.00,7506.00,79.00,577.00,514.00,149.00,3.00,6442.00
MAB21L2,Endogenous,NM_006439.4,33.00,50.00,25.00,52.00,71.00,362.00,2894.00,810.00,14.00,22.00,14.00,795.00,25.00,719.00,15.00,25.00,19.00,6.00,23.00,151.00,2085.00,911.00,547.00,449.00,45.00,674.00,14.00,5.00,6.00,4.00,942.00,6.00,1469.00,53.00,556.00,32.00,13.00,297.00,13.00,657.00,1878.00,29.00,23.00,20.00,4.00,447.00,17.00,6.00,7.00,19.00,3.00,281.00,1.00,1.00,1.00,4.00,2.00,3199.00,3.00,1.00,84.00,9.00,11.00,10.00,2717.00,4.00,271.00,8.00,42.00,4.00,23.00,35.00,5.00,3230.00,5784.00,1.00,104.00,42.00,5.00,2.00,2.00
NPR3,Endogenous,NM_000908.3,157.00,15.00,17.00,11199.00,504.00,366.00,28.00,683.00,9.00,5.00,7.00,109.00,682.00,74.00,6.00,1638.00,5.00,3.00,12.00,4.00,57.00,42.00,29.00,272.00,18.00,21.00,674.00,4.00,4.00,8.00,26.00,19.00,6.00,5.00,1.00,81.00,6.00,3.00,113.00,5.00,62.00,208.00,3.00,114.00,7.00,171.00,54.00,2.00,8.00,15.00,10.00,9.00,29.00,2.00,4.00,6.00,25.00,44.00,3.00,7.00,5.00,5.00,16.00,88.00,50.00,7.00,136.00,11.00,40.00,4.00,22.00,12.00,28.00,95.00,24.00,2.00,2.00,1.00,22.00,1.00,1.00
NRL,Endogenous,NM_006177.3,3307.00,81.00,42.00,2115.00,63.00,584.00,39.00,1083.00,381.00,10.00,17.00,583.00,798.00,131.00,11.00,1118.00,12.00,30.00,41.00,37.00,8.00,11.00,54.00,53.00,369.00,49.00,656.00,7.00,1.00,20.00,13.00,16.00,34.00,9.00,21.00,721.00,12.00,10.00,176.00,8.00,664.00,90.00,12.00,8.00,14.00,49.00,55.00,38.00,46.00,59.00,12.00,49.00,28.00,4.00,24.00,43.00,28.00,44.00,7.00,91.00,21.00,891.00,64.00,272.00,107.00,16.00,225.00,28.00,99.00,14.00,62.00,43.00,24.00,798.00,880.00,37.00,4.00,36.00,32.00,1.00,451.00
EOMES,Endogenous,NM_005442.2,1976.00,3.00,10.00,82.00,3296.00,29.00,6.00,51.00,641.00,462.00,4.00,49.00,11.00,5.00,375.00,40.00,1073.00,1.00,2.00,1.00,169.00,2.00,60.00,53.00,83.00,196.00,5.00,371.00,187.00,2.00,9.00,1.00,333.00,12.00,12.00,3.00,14.00,158.00,1.00,149.00,87.00,1.00,170.00,1.00,37.00,7.00,3.00,1247.00,717.00,1236.00,1630.00,22.00,1041.00,394.00,14.00,663.00,379.00,2.00,1.00,1310.00,929.00,544.00,978.00,1469.00,6.00,1210.00,14.00,2208.00,1256.00,108.00,3.00,692.00,18.00,6.00,204.00,462.00,2.00,10.00,435.00,178.00,1.00
KCNA1,Endogenous,NM_000217.2,154.00,1072.00,5399.00,35.00,4726.00,51.00,17.00,9.00,549.00,119.00,943.00,1.00,6.00,3.00,1323.00,3.00,788.00,2.00,1.00,1.00,57.00,13.00,1.00,1.00,7.00,54.00,6.00,605.00,343.00,23.00,72.00,58.00,4.00,1.00,4.00,5.00,3.00,37.00,2.00,101.00,28.00,6.00,468.00,6.00,548.00,1.00,195.00,2630.00,364.00,916.00,1056.00,734.00,435.00,292.00,5271.00,680.00,221.00,233.00,688.00,3584.00,1352.00,479.00,3150.00,1381.00,248.00,2168.00,333.00,1273.00,956.00,665.00,4443.00,29.00,26.00,21.00,51.00,360.00,4.00,20.00,232.00,147.00,3.00
KHDRBS2,Endogenous,NM_152688.2,3607.00,11117.00,2355.00,16564.00,11207.00,93.00,128.00,2661.00,1823.00,3371.00,2599.00,989.00,1620.00,133.00,1989.00,1374.00,1429.00,4.00,22.00,2.00,1054.00,716.00,151.00,157.00,399.00,14.00,126.00,535.00,156.00,47.00,393.00,377.00,307.00,2.00,3.00,1176.00,13.00,71.00,172.00,460.00,700.00,296.00,691.00,163.00,285.00,779.00,39.00,974.00,1617.00,1927.00,742.00,2125.00,518.00,251.00,860.00,331.00,750.00,377.00,358.00,1411.00,800.00,2029.00,599.00,2068.00,26.00,1686.00,1133.00,3205.00,3800.00,888.00,2362.00,443.00,18.00,696.00,3715.00,643.00,3.00,7.00,428.00,127.00,8.00
OAS1,Endogenous,NM_016816.2,29.00,111.00,114.00,11.00,102.00,9.00,14.00,27.00,7.00,8.00,84.00,1.00,2.00,1.00,6.00,4.00,37.00,1.00,2.00,1.00,14.00,9.00,6.00,7.00,2.00,11.00,7.00,28.00,6.00,1.00,6.00,8.00,2.00,1.00,2.00,3.00,1.00,2.00,1.00,3.00,3.00,1.00,21.00,1.00,15.00,2.00,10.00,11.00,57.00,31.00,13.00,31.00,4.00,3.00,43.00,21.00,6.00,10.00,26.00,30.00,21.00,5.00,10.00,17.00,8.00,26.00,44.00,50.00,50.00,7.00,34.00,31.00,44.00,6.00,16.00,2.00,1.00,16.00,10.00,1.00,1.00
RBM24,Endogenous,NM_153020.2,900.00,1042.00,2897.00,19.00,2244.00,65.00,205.00,14.00,677.00,396.00,479.00,4.00,3.00,5.00,551.00,12.00,557.00,165.00,5.00,77.00,209.00,66.00,3.00,13.00,10.00,41.00,12.00,243.00,219.00,5.00,63.00,36.00,2.00,2.00,1.00,1.00,39.00,129.00,5.00,133.00,94.00,2.00,185.00,282.00,376.00,17.00,46.00,926.00,687.00,1514.00,419.00,476.00,669.00,108.00,1336.00,544.00,246.00,30.00,698.00,1276.00,1312.00,640.00,2685.00,617.00,502.00,1307.00,1117.00,1821.00,1706.00,146.00,1447.00,6407.00,26.00,27.00,157.00,223.00,13.00,126.00,125.00,109.00,73.00
UNC5D,Endogenous,NM_080872.2,2989.00,4230.00,4445.00,2274.00,7257.00,96.00,28.00,373.00,879.00,756.00,1297.00,30.00,397.00,16.00,1449.00,388.00,1770.00,7.00,8.00,4.00,178.00,38.00,2.00,8.00,14.00,347.00,50.00,623.00,362.00,6.00,15.00,106.00,27.00,3.00,7.00,186.00,58.00,179.00,13.00,175.00,83.00,46.00,501.00,28.00,336.00,72.00,212.00,4590.00,1625.00,3300.00,757.00,995.00,565.00,63.00,597.00,1287.00,326.00,101.00,938.00,2425.00,2701.00,1601.00,2055.00,3374.00,290.00,2512.00,548.00,3969.00,1883.00,590.00,5929.00,3281.00,217.00,908.00,743.00,528.00,1.00,45.00,424.00,176.00,14.00
ACTB,Housekeeping,NM_001101.2,54202.00,39562.00,29413.00,44125.00,44203.00,23673.00,50384.00,13679.00,18348.00,7101.00,14509.00,19640.00,27667.00,8790.00,14194.00,12238.00,19888.00,4587.00,8196.00,4626.00,15819.00,14746.00,13363.00,16423.00,20002.00,18274.00,14625.00,4110.00,3576.00,2073.00,7444.00,2364.00,6439.00,1612.00,2440.00,6897.00,1449.00,8136.00,2618.00,3378.00,6974.00,5364.00,4309.00,6775.00,4991.00,4837.00,4996.00,9012.00,7035.00,11244.00,7306.00,9915.00,7666.00,920.00,16493.00,4766.00,8399.00,11393.00,5300.00,9489.00,5640.00,6020.00,12632.00,15214.00,14670.00,7398.00,9480.00,10104.00,10538.00,4024.00,10501.00,20276.00,12291.00,6027.00,14970.00,8647.00,2597.00,3992.00,3485.00,664.00,3629.00
GAPDH,Housekeeping,NM_002046.3,24927.00,31362.00,18253.00,23728.00,41234.00,18042.00,83245.00,10983.00,11893.00,3508.00,5625.00,15763.00,5704.00,12878.00,9109.00,2788.00,6290.00,8988.00,15257.00,6259.00,12889.00,17677.00,10530.00,8895.00,9124.00,12223.00,6896.00,2207.00,1890.00,879.00,2301.00,1504.00,1790.00,466.00,971.00,4317.00,516.00,4814.00,1500.00,1732.00,3348.00,3270.00,3432.00,2717.00,2082.00,1637.00,2686.00,13080.00,9430.00,10735.00,2779.00,4685.00,2591.00,403.00,8227.00,2627.00,3004.00,7481.00,2427.00,10120.00,6697.00,7321.00,14092.00,13766.00,19337.00,8135.00,14596.00,8946.00,12708.00,8901.00,15402.00,12000.00,14337.00,8913.00,7076.00,1793.00,1164.00,1647.00,1534.00,336.00,10249.00
LDHA,Housekeeping,NM_001165414.1,11883.00,5273.00,2127.00,4067.00,8179.00,9524.00,18120.00,6619.00,1820.00,761.00,926.00,7633.00,2788.00,9996.00,2126.00,1244.00,3070.00,6010.00,5369.00,7448.00,2639.00,5718.00,2299.00,1937.00,5123.00,3224.00,3632.00,344.00,243.00,150.00,472.00,234.00,500.00,115.00,261.00,2810.00,159.00,2491.00,347.00,121.00,1232.00,1208.00,444.00,921.00,312.00,867.00,1099.00,4263.00,1708.00,2827.00,300.00,726.00,365.00,51.00,942.00,612.00,387.00,792.00,334.00,1637.00,1619.00,3917.00,3029.00,6913.00,8348.00,1208.00,2911.00,1006.00,3547.00,1263.00,3764.00,3180.00,6005.00,5662.00,1597.00,748.00,677.00,530.00,291.00,85.00,3244.00
POS_A,Positive,ERCC_00117.1,82263.00,89257.00,89546.00,87524.00,102693.00,94813.00,98609.00,30237.00,25998.00,23685.00,27382.00,25416.00,24879.00,29050.00,32804.00,27874.00,31917.00,16420.00,17753.00,18194.00,20450.00,20465.00,24218.00,26989.00,23964.00,22622.00,24165.00,14547.00,16968.00,11164.00,17149.00,12998.00,17536.00,13175.00,18071.00,17529.00,17534.00,17188.00,18913.00,16278.00,19100.00,17664.00,18593.00,17813.00,21438.00,21320.00,23374.00,60812.00,55527.00,48961.00,63872.00,58763.00,54580.00,55296.00,58512.00,57100.00,66629.00,57861.00,64558.00,49809.00,41835.00,36891.00,45395.00,40951.00,42337.00,41327.00,42130.00,45365.00,52612.00,39405.00,53932.00,48616.00,38459.00,43342.00,41183.00,30230.00,30843.00,33780.00,33266.00,31380.00,22600.00
POS_B,Positive,ERCC_00112.1,20812.00,22712.00,22779.00,22413.00,25732.00,23520.00,25389.00,8311.00,7201.00,6510.00,7488.00,6917.00,6902.00,7768.00,8791.00,7646.00,8623.00,4740.00,5111.00,5145.00,5884.00,6032.00,6605.00,7480.00,6737.00,6416.00,6595.00,3474.00,4227.00,2744.00,4285.00,3126.00,4336.00,3237.00,4397.00,4593.00,4324.00,4378.00,4590.00,4081.00,4677.00,4497.00,4630.00,4483.00,5352.00,5223.00,5834.00,21431.00,19007.00,16929.00,21850.00,20270.00,19076.00,18934.00,20413.00,19917.00,22956.00,20101.00,22246.00,17616.00,14729.00,12979.00,15208.00,13888.00,14457.00,13668.00,14202.00,15460.00,18059.00,13432.00,18695.00,16822.00,13440.00,14530.00,14201.00,9794.00,9639.00,10766.00,10778.00,10569.00,8269.00
POS_C,Positive,ERCC_00002.1,5063.00,5328.00,5406.00,5462.00,6196.00,5533.00,6070.00,1724.00,1524.00,1354.00,1649.00,1452.00,1408.00,1645.00,1800.00,1435.00,1764.00,1101.00,1215.00,1199.00,1350.00,1184.00,1427.00,1546.00,1476.00,1400.00,1498.00,1001.00,1138.00,763.00,1060.00,791.00,1160.00,798.00,1132.00,1102.00,1084.00,1116.00,1290.00,1012.00,1221.00,1177.00,1219.00,1179.00,1386.00,1295.00,1439.00,6010.00,5333.00,4959.00,6367.00,5845.00,5414.00,5241.00,5763.00,5782.00,6353.00,5532.00,6297.00,4673.00,3964.00,3460.00,4216.00,3806.00,3839.00,3817.00,3860.00,4199.00,5022.00,3620.00,5130.00,4592.00,3595.00,4151.00,3885.00,2716.00,2765.00,3117.00,3073.00,2861.00,2296.00
POS_D,Positive,ERCC_00092.1,1425.00,1484.00,1434.00,1456.00,1715.00,1475.00,1644.00,515.00,476.00,426.00,455.00,421.00,434.00,512.00,533.00,428.00,505.00,275.00,364.00,363.00,398.00,369.00,420.00,441.00,408.00,399.00,404.00,227.00,303.00,185.00,247.00,234.00,264.00,234.00,293.00,339.00,268.00,279.00,315.00,243.00,312.00,323.00,327.00,292.00,320.00,344.00,383.00,1432.00,1391.00,1213.00,1472.00,1465.00,1262.00,1290.00,1467.00,1421.00,1584.00,1441.00,1532.00,1159.00,1000.00,900.00,998.00,965.00,955.00,886.00,1024.00,1059.00,1215.00,894.00,1277.00,1129.00,934.00,1008.00,1015.00,644.00,686.00,719.00,741.00,730.00,544.00
POS_E,Positive,ERCC_00035.1,248.00,277.00,270.00,276.00,319.00,284.00,280.00,100.00,73.00,70.00,90.00,91.00,78.00,87.00,87.00,79.00,103.00,38.00,38.00,52.00,57.00,72.00,57.00,68.00,79.00,63.00,53.00,28.00,30.00,30.00,29.00,27.00,40.00,33.00,46.00,42.00,36.00,27.00,59.00,30.00,52.00,48.00,41.00,42.00,52.00,56.00,63.00,278.00,240.00,230.00,324.00,285.00,231.00,227.00,281.00,256.00,294.00,300.00,276.00,215.00,198.00,173.00,228.00,171.00,187.00,171.00,184.00,176.00,229.00,164.00,271.00,208.00,143.00,184.00,181.00,108.00,115.00,158.00,142.00,135.00,95.00
POS_F,Positive,ERCC_00034.1,105.00,123.00,138.00,126.00,151.00,128.00,127.00,50.00,46.00,44.00,40.00,47.00,47.00,47.00,52.00,39.00,57.00,25.00,45.00,27.00,31.00,42.00,39.00,58.00,40.00,42.00,45.00,22.00,27.00,23.00,29.00,23.00,16.00,13.00,31.00,25.00,26.00,27.00,22.00,23.00,25.00,31.00,34.00,34.00,34.00,31.00,38.00,85.00,102.00,75.00,92.00,95.00,91.00,94.00,107.00,91.00,104.00,99.00,93.00,70.00,72.00,48.00,64.00,71.00,68.00,71.00,77.00,59.00,76.00,56.00,79.00,81.00,63.00,83.00,59.00,39.00,44.00,40.00,48.00,47.00,38.00
NEG_A,Negative,ERCC_00096.1,24.00,29.00,35.00,29.00,28.00,29.00,26.00,14.00,5.00,9.00,6.00,6.00,3.00,8.00,4.00,4.00,10.00,6.00,9.00,4.00,3.00,8.00,6.00,11.00,5.00,6.00,10.00,4.00,8.00,8.00,8.00,3.00,4.00,2.00,3.00,6.00,5.00,5.00,10.00,5.00,8.00,8.00,3.00,6.00,6.00,8.00,9.00,14.00,26.00,9.00,22.00,18.00,16.00,10.00,13.00,12.00,18.00,20.00,28.00,16.00,10.00,11.00,15.00,12.00,15.00,10.00,15.00,13.00,15.00,15.00,12.00,11.00,14.00,15.00,10.00,6.00,6.00,7.00,5.00,8.00,6.00
NEG_B,Negative,ERCC_00041.1,11.00,5.00,8.00,11.00,6.00,4.00,4.00,4.00,4.00,2.00,3.00,4.00,1.00,4.00,3.00,3.00,4.00,1.00,2.00,1.00,3.00,2.00,1.00,4.00,1.00,2.00,3.00,2.00,1.00,2.00,2.00,1.00,1.00,2.00,2.00,2.00,1.00,2.00,1.00,1.00,3.00,2.00,1.00,3.00,1.00,1.00,1.00,10.00,14.00,15.00,5.00,7.00,5.00,8.00,7.00,7.00,7.00,11.00,10.00,10.00,8.00,8.00,6.00,14.00,6.00,12.00,13.00,10.00,7.00,3.00,6.00,7.00,10.00,8.00,6.00,3.00,3.00,3.00,3.00,2.00,8.00
NEG_C,Negative,ERCC_00019.1,5.00,9.00,3.00,9.00,14.00,4.00,14.00,5.00,5.00,5.00,5.00,7.00,5.00,6.00,2.00,1.00,1.00,4.00,9.00,1.00,5.00,6.00,3.00,4.00,2.00,4.00,1.00,1.00,2.00,1.00,1.00,1.00,1.00,1.00,3.00,1.00,3.00,5.00,3.00,4.00,2.00,1.00,2.00,1.00,3.00,2.00,4.00,8.00,2.00,4.00,8.00,3.00,5.00,5.00,4.00,4.00,8.00,4.00,5.00,2.00,5.00,2.00,2.00,3.00,3.00,3.00,2.00,3.00,7.00,3.00,4.00,5.00,3.00,5.00,3.00,1.00,1.00,2.00,1.00,1.00,4.00
NEG_D,Negative,ERCC_00076.1,9.00,3.00,11.00,8.00,11.00,10.00,10.00,3.00,4.00,4.00,4.00,3.00,8.00,1.00,1.00,1.00,6.00,3.00,4.00,1.00,4.00,5.00,3.00,1.00,4.00,7.00,5.00,1.00,1.00,1.00,3.00,2.00,4.00,1.00,4.00,1.00,1.00,4.00,2.00,2.00,2.00,1.00,1.00,3.00,1.00,1.00,3.00,6.00,2.00,5.00,6.00,3.00,5.00,4.00,4.00,3.00,11.00,9.00,3.00,4.00,4.00,6.00,7.00,3.00,4.00,2.00,5.00,7.00,4.00,1.00,2.00,2.00,5.00,5.00,7.00,6.00,2.00,5.00,2.00,1.00,6.00
NEG_E,Negative,ERCC_00098.1,30.00,37.00,29.00,31.00,26.00,34.00,36.00,10.00,7.00,12.00,13.00,4.00,9.00,4.00,10.00,6.00,9.00,10.00,8.00,6.00,7.00,8.00,11.00,9.00,6.00,13.00,12.00,5.00,5.00,3.00,4.00,7.00,7.00,2.00,9.00,4.00,3.00,5.00,3.00,5.00,3.00,6.00,3.00,7.00,6.00,13.00,4.00,20.00,16.00,13.00,25.00,26.00,15.00,17.00,15.00,16.00,26.00,20.00,27.00,17.00,12.00,18.00,12.00,6.00,9.00,7.00,18.00,16.00,15.00,8.00,11.00,14.00,20.00,14.00,15.00,9.00,8.00,7.00,12.00,10.00,8.00
NEG_F,Negative,ERCC_00126.1,26.00,22.00,30.00,39.00,27.00,22.00,24.00,13.00,8.00,9.00,9.00,8.00,7.00,5.00,6.00,5.00,9.00,10.00,5.00,4.00,10.00,7.00,12.00,2.00,8.00,5.00,11.00,4.00,2.00,2.00,4.00,2.00,7.00,5.00,5.00,2.00,7.00,2.00,8.00,4.00,5.00,9.00,5.00,6.00,4.00,5.00,3.00,24.00,22.00,19.00,25.00,17.00,17.00,18.00,17.00,22.00,21.00,17.00,17.00,15.00,13.00,17.00,20.00,25.00,22.00,19.00,22.00,22.00,16.00,18.00,21.00,15.00,15.00,7.00,13.00,13.00,9.00,9.00,7.00,10.00,8.00
NEG_G,Negative,ERCC_00144.1,1.00,1.00,1.00,1.00,1.00,2.00,1.00,1.00,1.00,1.00,1.00,1.00,1.00,1.00,1.00,1.00,1.00,1.00,1.00,1.00,1.00,1.00,1.00,1.00,1.00,2.00,2.00,1.00,1.00,1.00,1.00,1.00,1.00,1.00,1.00,2.00,1.00,1.00,1.00,1.00,1.00,1.00,1.00,1.00,1.00,1.00,1.00,1.00,2.00,2.00,1.00,1.00,1.00,1.00,3.00,1.00,1.00,1.00,1.00,1.00,2.00,4.00,1.00,1.00,2.00,1.00,1.00,2.00,1.00,1.00,1.00,1.00,1.00,3.00,2.00,1.00,3.00,1.00,1.00,1.00,1.00
NEG_H,Negative,ERCC_00154.1,1.00,1.00,1.00,1.00,1.00,1.00,2.00,1.00,1.00,1.00,1.00,1.00,1.00,1.00,1.00,1.00,1.00,1.00,1.00,1.00,1.00,1.00,1.00,1.00,1.00,1.00,1.00,1.00,1.00,1.00,1.00,1.00,1.00,1.00,1.00,1.00,1.00,1.00,1.00,1.00,1.00,1.00,1.00,1.00,1.00,1.00,1.00,1.00,2.00,1.00,1.00,1.00,1.00,1.00,1.00,2.00,1.00,1.00,1.00,1.00,1.00,1.00,1.00,1.00,1.00,1.00,1.00,1.00,1.00,2.00,2.00,1.00,1.00,1.00,1.00,3.00,1.00,1.00,1.00,1.00,1.00
